coefficients,id,a,mutation,coeff,position_after_TGA,hexamer
0.160210548030309,V1c,A1,C,0.133831386377826,+1_A,1
0.0185422083393981,V1g,A1,G,-0.0160748726586543,+1_A,1
-0.0647188759162373,V1t,A1,T,0.0194384335777669,+1_A,1
-0.036647261572763,V2c,A2,C,-0.0639834663799666,+2_A,1
0.0540677074808584,V2g,A2,G,0.0209030599504084,+2_A,1
0.012653239823802,V2t,A2,T,0.0772979072548324,+2_A,1
0.0104743365352595,V3a,G3,A,0.094608875194732,+3_G,1
0.0390942536790977,V3c,G3,C,0.0870835583445617,+3_G,1
-0.12392296517561,V3t,G3,T,0.0291928270855638,+3_G,1
0.30299373813768,V1c,A1,C,0.15896662627811,+1_A,2
0.16707132184529,V1g,A1,G,0.0144801435555593,+1_A,2
0.122984453458489,V1t,A1,T,0.0703221599853225,+1_A,2
0.244762978831246,V2c,A2,C,0.0842757731502996,+2_A,2
0.276123545474155,V2g,A2,G,0.103854245795863,+2_A,2
0.15174017571693,V2t,A2,T,0.0654471755655095,+2_A,2
-0.181952109569155,V3a,G3,A,0.0355854127970674,+3_G,2
0.0443616993175955,V3c,G3,C,0.0524583265593011,+3_G,2
-0.0931207741502953,V3t,G3,T,-0.0007232709676044,+3_G,2
0.0983644666508529,V1c,A1,C,0.0455347399369232,+1_A,3
0.0605633675390715,V1g,A1,G,0.0107876293820862,+1_A,3
0.0246257818765256,V1t,A1,T,0.0052775035155318,+1_A,3
0.0800824469899973,V2c,A2,C,0.0069537856113201,+2_A,3
0.0579051716396854,V2g,A2,G,-0.0067022324403287,+2_A,3
0.0916141042612247,V2t,A2,T,0.054060211516946,+2_A,3
-0.0168618971805618,V3a,G3,A,0.0462884088838982,+3_G,3
0.0404276064242934,V3c,G3,C,0.0297525381686176,+3_G,3
0.000374204402909,V3t,G3,T,0.0153391465598951,+3_G,3
